neighborhood_c,high_risk_frequency,medium_risk_frequency,low_risk_frequency,high_risk_index,medium_risk_index,low_risk_index
Bayview Hunters Point,4,12,37,-0.45,-0.54,-0.28
Bernal Heights,7,21,22,-0.37,-0.44,-0.42
Castro/Upper Market,16,59,71,-0.12,-0.03,0.03
Chinatown,17,53,65,-0.09,-0.09,-0.02
Excelsior,8,27,29,-0.34,-0.38,-0.35
Financial District/South Beach,41,146,138,0.57,0.92,0.65
Glen Park,0,4,1,-0.56,-0.63,-0.61
Golden Gate Park,9,34,31,-0.31,-0.3,-0.33
Haight Ashbury,9,24,26,-0.31,-0.41,-0.38
Hayes Valley,6,68,56,-0.4,0.07,-0.1
Inner Richmond,13,33,45,-0.2,-0.31,-0.21
Inner Sunset,3,36,20,-0.48,-0.28,-0.44
Japantown,9,19,15,-0.31,-0.47,-0.48
Lakeshore,8,31,35,-0.34,-0.33,-0.3
Lincoln Park,0,5,0,-0.56,-0.62,-0.62
Lone Mountain/USF,9,41,36,-0.31,-0.23,-0.29
Marina,12,71,58,-0.23,0.1,-0.09
McLaren Park,0,0,3,-0.56,-0.67,-0.59
Mission,151,268,332,3.6,2.26,2.44
Mission Bay,21,33,70,0.02,-0.31,0.03
Nob Hill,32,67,105,0.32,0.06,0.35
Noe Valley,3,31,17,-0.48,-0.33,-0.46
North Beach,19,39,45,-0.04,-0.25,-0.21
Oceanview/Merced/Ingleside,7,23,18,-0.37,-0.42,-0.45
Outer Mission,17,37,33,-0.09,-0.27,-0.32
Outer Richmond,11,41,62,-0.26,-0.23,-0.05
Pacific Heights,11,51,56,-0.26,-0.12,-0.1
Portola,1,1,8,-0.53,-0.66,-0.55
Potrero Hill,7,40,40,-0.37,-0.24,-0.25
Presidio,0,2,0,-0.56,-0.65,-0.62
Presidio Heights,7,24,10,-0.37,-0.41,-0.53
Russian Hill,14,54,30,-0.17,-0.08,-0.34
Seacliff,0,2,2,-0.56,-0.65,-0.6
South of Market,113,257,339,2.55,2.14,2.51
Sunset/Parkside,25,100,101,0.13,0.42,0.31
Tenderloin,158,481,563,3.79,4.58,4.58
Treasure Island,6,10,21,-0.4,-0.56,-0.43
Visitacion Valley,2,6,10,-0.51,-0.61,-0.53
West of Twin Peaks,7,32,36,-0.37,-0.32,-0.29
Western Addition,31,181,104,0.29,1.31,0.34
