price,address,beds,baths,sq_ft,year_built
"$950,000","333 Grant Avenue #301, San Francisco,  CA 94108",1,1,934,1908
"$742,000","3981 Alemany Boulevard #311, San Francisco,  CA 94132",2,2,973,2002
"$461,161","60 Ora Way #208H, San Francisco,  CA 94131",1,1,684,1975
"$899,000","1587 15th Street #501, San Francisco,  CA 94103",2,1,"1,048",2007
"$4,200,000","122 Avila Street, San Francisco,  CA 94123",4,2F11/2,"2,735",1924
"$2,590,000","1839 17th Avenue, San Francisco,  CA 94122",4,4F11/2,"2,445",1940
"$1,895,000","418 45th Avenue, San Francisco,  CA 94121",3,2,"1,640",
"$1,195,000","348 Holyoke Street, San Francisco,  CA 94134",4,2,"2,182",1978
"$1,250,000","2646 44th Avenue, San Francisco,  CA 94116",3,2,"1,380",1948
"$779,000","401 Harrison Street #4E, San Francisco,  CA 94105",1,1,707,2014
"$985,000","2001 Mcallister Street #118, San Francisco,  CA 94118",2,2,"1,011",2002
"$2,695,000","1730 Lake Street, San Francisco,  CA 94121",4,3,"2,631",1950
"$2,498,000","1422 41st Avenue, San Francisco,  CA 94122",5,5F11/2,"2,846",1936
"$2,398,000","2810 35th Avenue, San Francisco,  CA 94116",4,3,"2,530",1940
"$525,000","601 Van Ness Avenue #1029, San Francisco,  CA 94102",1,1,706,1982
"$899,000","12 Auburn Street, San Francisco,  CA 94133",2,1,,1926
"$698,000","1177 California Street #812, San Francisco,  CA 94108",1,1,"1,056",
"$1,495,000","910 Rockdale Drive, San Francisco,  CA 94127",4,2,"1,766",1931
"$2,849,000","4301 Cesar Chavez Street, San Francisco,  CA 94131",3,2,"2,307",1950
"$2,195,000","580 28th Street, San Francisco,  CA 94131",3,2,,1951
"$849,000","283 Moscow Street, San Francisco,  CA 94112",3,2,"1,025",1949
"$3,795,000","3806 Clay Street, San Francisco,  CA 94118",4,2F11/2,"3,004",1900
"$899,000","72 Townsend Street #601, San Francisco,  CA 94107",1,1,,
"$2,295,000","290 Maywood Drive, San Francisco,  CA 94127",3,2F11/2,"2,006",1950
"$2,595,000","1500 Plymouth Avenue, San Francisco,  CA 94112",4,3F11/2,"3,185",1922
"$999,000","2422 45th Avenue, San Francisco,  CA 94116",3,2,"1,175",1944
"$899,000","77 Dow Place #1304, San Francisco,  CA 94107",1,1F11/2,"1,065",2002
"$19,950,000","150 Glenbrook Avenue, San Francisco,  CA 94114",6,6F21/2,"7,440",2018
"$1,175,000","1701 Jackson Street #309, San Francisco,  CA 94109",2,2,"1,041",2001
"$800,000","748 San Bruno Avenue, San Francisco,  CA 94107",2,1,790,1900
"$795,000","556 Wisconsin Street, San Francisco,  CA 94107",2,2,"1,175",1978
"$825,000","500 Bryant Street #204, San Francisco,  CA 94107",1,2,933,2000
"$1,150,000","95 Saturn Street, San Francisco,  CA 94114",3,2,,1974
"$4,450,000","64 Parker Avenue, San Francisco,  CA 94118",5,3F11/2,"3,698",1929
"$1,799,000","200 Brannan Street #322, San Francisco,  CA 94107",2,2,"2,042",2004
"$899,000","41 Cuvier Street, San Francisco,  CA 94112",2,1,,
"$799,000","401 Harrison Street #10E, San Francisco,  CA 94105",1,1,707,2014
"$1,188,000","263 Raymond Avenue, San Francisco,  CA 94134",2,1,"1,353",1953
"$1,198,000","25 Admiral Avenue, San Francisco,  CA 94112",4,2F11/2,"1,781",1928
"$499,000","199 New Montgomery Street #503, San Francisco,  CA 94105",,1,409,2004
"$1,695,000","674 Capp Street, San Francisco,  CA 94110",2,2F11/2,"1,570",
"$995,000","4125 24th Street #2, San Francisco,  CA 94114",2,1,,1965
"$2,495,000","229 Granville Way, San Francisco,  CA 94127",3,3,"1,940",1922
"$988,000","181 Seal Rock Drive, San Francisco,  CA 94121",2,1,975,1947
"$2,295,000","514 29th Street, San Francisco,  CA 94131",3,2F11/2,"2,129",2002
"$995,000","1448 Oakdale Avenue, San Francisco,  CA 94124",4,2,"2,066",1910
"$2,195,000","2525 Van Ness Avenue #402, San Francisco,  CA 94109",2,2,"1,406",2024
"$405,000","960 Market Street #508, San Francisco,  CA 94102",,1,399,
"$995,000","960 Market Street #215, San Francisco,  CA 94102",2,2,878,
"$1,795,000","469 Ulloa Street, San Francisco,  CA 94127",3,2,"2,249",1924
"$1,695,000","2200 Sacramento Street #208, San Francisco,  CA 04115",2,2,"1,050",1964
"$625,000","901 Bush Street #601, San Francisco,  CA 94109",2,1,,1909
"$3,695,000","1150 Sacramento Street #501, San Francisco,  CA 94108",2,2F11/2,"2,589",1989
"$995,000","2040 Sutter Street #505, San Francisco,  CA 94115",2,2,"1,063",1984
"$1,095,000","2287 45th Avenue, San Francisco,  CA 94116",2,1,"1,450",1931
"$1,150,000","540 Delancey Street #203, San Francisco,  CA 94107",1,1,"1,308",1892
"$639,000","451 Donahue Street #212, San Francisco,  CA 94124",2,2,933,
"$3,395,000","631 Folsom Street #PHD, San Francisco,  CA 94107",3,2F11/2,"2,623",2009
"$1,828,000","1 North Gate Drive, San Francisco,  CA 94127",3,2,"1,942",1957
"$630,000","81 Frank Norris Street #702, San Francisco,  CA 94109",1,1,,1913
"$2,650,000","1756 Leavenworth Street, San Francisco,  CA 94109",4,4,"2,921",1909
"$995,000","249 Connecticut Street, San Francisco,  CA 94107",2,1,"1,157",1908
"$12,500,000","3090 Pacific Avenue, San Francisco,  CA 94115",5,5F21/2,"6,170",1929
"$1,195,000","2228 Beach Street, San Francisco,  CA 94123",1,1,990,
"$2,998,000","207 Cole Street, San Francisco,  CA 94117",3,2F11/2,"2,287",1904
"$3,995,000","4319 25th Street, San Francisco,  CA 94114",4,4F11/2,"2,893",1903
"$3,950,000","260 32nd Avenue, San Francisco,  CA 94121",4,3F11/2,"2,647",1924
"$3,595,000","573 Diamond Street, San Francisco,  CA 94114",4,4,"2,692",1906
"$999,000","91 Stoneyford Avenue, San Francisco,  CA 94112",3,1,"1,042",1942
"$1,199,000","14 Sanchez Street, San Francisco,  CA 94114",3,1F11/2,"1,500",
"$2,100,000","1700 Vallejo Street, San Francisco,  CA 94123",3,2,"2,339",1908
"$1,798,000","333 Beale Street #7G, San Francisco,  CA 94105",2,2,"1,414",2015
"$995,000","4180 Mission Street #7, San Francisco,  CA 94112",3,2,"1,797",1979
"$444,900","1075 Market Street #507, San Francisco,  CA 94103",1,1,500,2018
"$1,300,000","2655 Bush Street #129, San Francisco,  CA 94115",2,2,"1,046",2017
"$595,000","603 Natoma Street #202, San Francisco,  CA 94103",2,2,831,
"$509,000","52 Kirkwood Avenue #307, San Francisco,  CA 94124",,1,741,2023
"$1,395,000","1822 43rd Avenue, San Francisco,  CA 94122",3,2,,1945
"$1,198,000","1090 Ingerson Avenue, San Francisco,  CA 94124",5,4,"2,057",2003
"$1,249,000","1947 Oakdale Avenue #1, San Francisco,  CA 94124",3,3F11/2,"1,779",2017
"$1,495,000","88 King Street #403, San Francisco,  CA 94107",3,2,"1,244",2000
"$578,800","52 Kirkwood Avenue #101, San Francisco,  CA 94124",1,1F11/2,789,2023
"$416,000","52 Kirkwood Avenue #403, San Francisco,  CA 94124",,1,552,2023
"$4,500,000","152 4th Avenue, San Francisco,  CA 94118",5,4F11/2,"3,802",
"$575,000","788 Minna Street #301, San Francisco,  CA 94103",1,1,710,2011
"$1,495,000","632 Ashbury Street, San Francisco,  CA 94117",2,1,"1,213",1900
"$799,000","900 Avalon Avenue, San Francisco,  CA 94112",2,1,"1,025",1950
"$1,895,000","119 Skyview Way, San Francisco,  CA 94131",4,3,"1,883",1957
"$1,095,000","393 Sweeny Street, San Francisco,  CA 94134",2,1,,1938
"$2,195,000","3590 20th Street #503, San Francisco,  CA 94110",3,3,"1,706",2015
"$899,000","77 Van Ness Avenue #505, San Francisco,  CA 94102",1,1,947,2009
"$1,499,000","1306 Florida Street, San Francisco,  CA 94110",1,2,"1,075",1906
"$1,995,000","1010 14th Street, San Francisco,  CA 94114",3,2F11/2,"2,250",1904
"$1,795,000","230 San Fernando Way, San Francisco,  CA 94127",3,2,"1,782",1923
"$1,800,000","765 Market Street #22E, San Francisco,  CA 94103",2,2F11/2,"1,456",2001
"$1,195,000","2135 42nd Avenue, San Francisco,  CA 94116",3,2,"1,682",1948
"$2,499,000","1575 32nd Avenue, San Francisco,  CA 94122",5,4,"2,615",1938
"$1,259,000","419 Franconia Street, San Francisco,  CA 94110",4,2,"1,655",1976
"$1,195,000","1634 28th Avenue, San Francisco,  CA 94122",2,1,"1,440",1929
"$1,995,000","267 32nd Avenue, San Francisco,  CA 94121",3,1F11/2,"1,729",1911
"$2,995,000","229 Montcalm Street, San Francisco,  CA 94110",4,2F11/2,"2,850",1987
"$1,795,000","629 Clayton Street, San Francisco,  CA 94117",3,2,"1,889",1908
"$1,295,000","416 Quintara Street, San Francisco,  CA 94116",2,1,"1,075",1939
"$2,190,000","445 Anderson Street, San Francisco,  CA 94110",3,3,"2,609",1900
"$995,000","117 Banks Street, San Francisco,  CA 94110",2,1F11/2,807,1900
"$769,000","Address Withheld, San Francisco,  CA 94102",1,1,573,2021
"$1,895,000","1150 Sacramento Street #203, San Francisco,  CA 94108",2,2,"1,868",1989
"$799,000","333 1st Street #N1503, San Francisco,  CA 94105",1,1,713,2004
"$795,000","77 Dow Place #500, San Francisco,  CA 94107",1,1F11/2,"1,092",2002
"$1,500,000","138 Dublin Street, San Francisco,  CA 94112",4,3,"1,900",1948
"$1,750,000","1 Hawthorne Street #21C, San Francisco,  CA 94105",2,2,"1,313",2010
"$1,378,000","239 Brannan Street #5D, San Francisco,  CA 94107",2,2,"1,173",2002
"$1,395,000","654 Pennsylvania Avenue, San Francisco,  CA 94107",2,1,915,1900
"$1,695,000","692 Castro Street, San Francisco,  CA 94114",2,2,"1,615",1925
"$598,800","52 Kirkwood Avenue #317, San Francisco,  CA 94124",1,1,741,2023
"$1,995,000","28 Pond Street, San Francisco,  CA 94114",3,3,"2,015",1997
"$499,000","1201 Sutter Street #205, San Francisco,  CA 94109",1,1,,2021
"$1,600,000","169 Eastwood Drive, San Francisco,  CA 94112",4,2,"2,268",
"$1,795,000","1972 Scott Street, San Francisco,  CA 94115",2,2,"1,386",1978
"$1,499,000","200 Brannan Street #407, San Francisco,  CA 94107",2,2,"1,525",2004
"$888,000","201 Lauren Court, San Francisco,  CA 94134",2,2F11/2,"1,207",2008
"$949,000","188 King Street #505, San Francisco,  CA 94107",1,2,"1,200",2006
"$748,000","1580 Pacific Avenue #E1, San Francisco,  CA 94109",1,1,729,
"$1,699,000","430 Masonic Avenue #201, San Francisco,  CA 94118",4,2,"1,673",1992
"$1,499,000","1858 Mcallister Street, San Francisco,  CA 94115",3,2,"1,535",1900
"$1,099,000","621 Madrid Street, San Francisco,  CA 94112",3,2,"1,738",1908
"$995,000","8 Buchanan Street #613, San Francisco,  CA 94102",2,2,963,2014
"$599,000","140 South Van Ness Avenue #735, San Francisco,  CA 94103",1,1F11/2,845,2002
"$2,695,000","1578 Fulton Street, San Francisco,  CA 94117",3,3,"2,388",1900
"$1,095,000","5530 California Street, San Francisco,  CA 94121",2,1,"1,109",1921
"$895,000","110 Channel Street #201, San Francisco,  CA 94158",1,1,759,2017
"$1,998,000","854 43rd Avenue, San Francisco,  CA 94121",4,2F11/2,"2,466",1920
"$1,380,000","2704 35th Avenue, San Francisco,  CA 94116",3,2,"1,600",1940
"$995,000","540 De Haro Street #402, San Francisco,  CA 94107",1,1,,2020
"$549,000","601 Van Ness Avenue #809, San Francisco,  CA 94102",1,1,706,1982
"$999,000","1 Hawthorne Street #20A, San Francisco,  CA 94105",1,1,909,
"$3,500,000","3513 Jackson Street, San Francisco,  CA 94118",3,2F11/2,"2,540",1910
"$1,395,000","1509 Sanchez Street, San Francisco,  CA 94131",3,2,"1,717",1910
"$1,950,000","4171 24th Street #301, San Francisco,  CA 94114",3,2,"1,450",2018
"$1,695,000","161 Arbor Street, San Francisco,  CA 94131",3,2,"1,632",1937
"$1,795,000","301 Mission Street #46F, San Francisco,  CA 94105",2,2,"1,509",2009
"$988,000","530 Joost Avenue, San Francisco,  CA 94127",2,1,"1,000",1911
"$5,985,000","29 Fountain Street, San Francisco,  CA 94114",4,3F11/2,"3,850",1905
"$668,500","260 King Street #731, San Francisco,  CA 94107",1,1,693,2004
"$1,295,000","2670 Pine Street #3, San Francisco,  CA 94115",3,2,"1,774",1900
"$1,150,000","33 Midway Street #302, San Francisco,  CA 94133",2,1F11/2,"1,010",1980
"$4,300,000","1220 Jones Street #501, San Francisco,  CA 94109",3,3F11/2,"2,720",1989
"$1,628,000","Address Withheld, San Francisco,  CA 94116",2,2,"1,566",1935
"$1,098,000","88 Norton Street, San Francisco,  CA 94112",3,2F11/2,"1,446",1925
"$575,000","401 Crescent Court #4101, San Francisco,  CA 94134",1,1,834,2007
"$5,650,000","1 Steuart Lane #410, San Francisco,  CA 94105",2,2,"2,278",2021
"$1,454,000","1/2 Noe Street, San Francisco,  CA 94114",3,2,"4,200",1905
"$765,000","140 Pennsylvania Avenue #305, San Francisco,  CA 94107",1,1,779,2017
"$2,090,000","44 Bonview Street, San Francisco,  CA 94110",4,2,"1,610",1971
"$1,250,000","1515 15th Street #305, San Francisco,  CA 94103",2,2,"1,113",2014
"$6,995,000","585 Marina Boulevard, San Francisco,  CA 94123",4,3F11/2,"4,062",1954
"$1,499,000","2525 Van Ness Avenue #301, San Francisco,  CA 94109",2,2,"1,163",2024
"$995,000","212 Howth Street, San Francisco,  CA 94112",5,5,"2,069",1910
"$1,095,000","1674 40th Avenue, San Francisco,  CA 94122",2,1,"1,150",1938
"$1,275,000","3620 Market Street #2, San Francisco,  CA 94131",2,2F11/2,"1,190",1987
"$1,275,000","3110 California Street #2B, San Francisco,  CA 94115",2,2,"1,059",2004
"$4,395,000","2121 Webster Street #TH2, San Francisco,  CA 94115",3,3F11/2,"2,404",2016
"$1,799,000","151 Bernard Street, San Francisco,  CA 94109",3,3F11/2,"2,131",1902
"$1,295,000","2000 Sloat Boulevard, San Francisco,  CA 94116",5,2F11/2,"1,600",1947
"$1,299,000","435 China Basin Street #442, San Francisco,  CA 94158",2,2,"1,176",2012
"$1,475,000","85 Agua Way, San Francisco,  CA 94127",2,1,"1,125",1928
"$1,495,000","228 Stillings Avenue, San Francisco,  CA 94131",3,2,"1,732",1942
"$1,295,000","753 Cayuga Avenue, San Francisco,  CA 94112",3,2,"1,935",1926
"$1,795,000","2932 Baker Street, San Francisco,  CA 94123",2,2,"1,510",1927
"$2,695,000","1854 Vallejo Street #E, San Francisco,  CA 94123",2,2F11/2,"1,818",1925
"$1,398,000","3947 Irving Street, San Francisco,  CA 94122",2,1,"1,115",1922
"$999,000","1855 Sacramento Street #7, San Francisco,  CA 94109",1,1,"1,109",1916
"$2,175,000","1870 Jackson Street #602, San Francisco,  CA 94109",3,2F11/2,"1,900",1931
"$598,000","469 Clementina Street #19, San Francisco,  CA 94103",1,1,658,1993
"$830,000","2051 Scott Street #401, San Francisco,  CA 94115",1,1,748,1915
"$948,000","1920 Jefferson Street #4, San Francisco,  CA 94123",1,1,815,1928
"$1,699,000","47 Vicksburg Street, San Francisco,  CA 94114",4,1,,1910
"$1,275,000","301 Mission Street #406, San Francisco,  CA 94105",1,2,"1,633",2009
"$2,350,000","15 Terrace Drive, San Francisco,  CA 94127",3,2,"1,910",1921
"$5,300,000","2635 Broderick Street, San Francisco,  CA 94123",5,4F11/2,"4,363",1909
"$1,395,000","39 Gladeview Way, San Francisco,  CA 94131",3,3,,
"$2,495,000","1905 Baker Street, San Francisco,  CA 94115",3,3,"2,065",1900
"$1,025,000","152 Lombard Street #207, San Francisco,  CA 94111",2,2,"1,260",1975
"$1,298,000","1835 Franklin Street #1103, San Francisco,  CA 94109",2,2,"1,400",1965
"$1,050,000","708 Long Bridge Street #1011, San Francisco,  CA 94158",1,1,835,2016
"$599,000","529 Broderick Street #A, San Francisco,  CA 94117",,1,472,2004
"$899,000","229 Brannan Street #2G, San Francisco,  CA 94107",1,1F11/2,885,2001
"$800,000","1754 Revere Avenue, San Francisco,  CA 94124",2,1,"1,144",1927
"$1,049,000","66 Cleary Court #803, San Francisco,  CA 94109",3,2,"1,102",1963
"$1,495,000","1046 Jackson Street, San Francisco,  CA 94133",3,2,"1,290",
"$825,000","2077 Jackson Street #202, San Francisco,  CA 94109",1,1,,1959
"$995,000","524 27th Avenue, San Francisco,  CA 94121",2,1,962,1908
"$598,000","1001 Pine Street #506, San Francisco,  CA 94109",1,1,650,1963
"$648,888","601 Van Ness Avenue #70, San Francisco,  CA 94102",2,2,"1,016",1982
"$668,000","38 Bryant Street #101, San Francisco,  CA 94105",1,1,707,1994
"$1,048,000","181 Ofarrell Street #303, San Francisco,  CA 94102",1,1F11/2,"1,531",2006
"$1,475,000","333 Beale Street #2A, San Francisco,  CA 94105",2,2,"1,388",2015
"$2,295,000","93 States Street, San Francisco,  CA 94114",3,2,"2,286",1917
"$5,995,000","704 Ashbury Street, San Francisco,  CA 94117",5,4F21/2,"4,961",1890
"$1,095,000","2002 3rd Street #211, San Francisco,  CA 94107",2,2,"1,402",2002
"$560,000","960 Market Street #323, San Francisco,  CA 94102",1,1,559,
"$799,900","425 1st Street #3505, San Francisco,  CA 94105",1,1,710,2008
"$1,095,000","425 1st Street #1407, San Francisco,  CA 94105",1,1,819,2008
"$875,000","380 14th Street #506, San Francisco,  CA 94103",2,2,823,2012
"$899,000","301 Mission Street #8E, San Francisco,  CA 94105",2,2,"1,098",2009
"$1,705,000","875 California Street #505, San Francisco,  CA 94108",2,2,"1,321",2020
"$499,000","175 Red Rock Way #107K, San Francisco,  CA 94131",,1,592,1972
"$7,750,000","266 Pacheco Street, San Francisco,  CA 94116",6,7F11/2,"5,241",1913
"$949,000","2438 43rd Avenue, San Francisco,  CA 94116",2,1,"1,298",1944
"$750,000","501 Beale Street #16E, San Francisco,  CA 94105",1,1,759,2006
"$849,000","2068 3rd Street #5, San Francisco,  CA 94107",1,2,,1999
"$2,995,000","1609 Castro Street, San Francisco,  CA 94114",4,3,,1900
"$3,175,000","496 38th Avenue, San Francisco,  CA 94121",4,4,"3,600",1916
"$550,000","74 New Montgomery Street #209, San Francisco,  CA 94105",,1,480,1914
"$2,245,000","350 Day Street, San Francisco,  CA 94131",2,1,908,1900
"$1,195,000","1585 Underwood Avenue, San Francisco,  CA 94124",4,3,"2,190",1979
"$675,000","407 Miguel Street #A, San Francisco,  CA 94131",1,1,,1890
"$2,295,000","22 Fairfield Avenue, San Francisco,  CA 94127",5,4,"2,584",1928
"$2,350,000","223 23rd Avenue, San Francisco,  CA 94121",4,3,"2,350",1916
"$848,000","1580 Pacific Avenue #G4, San Francisco,  CA 94109",1,1,704,
"$1,248,000","1580 Pacific Avenue #H1, San Francisco,  CA 94109",2,2,"1,034",
"$1,595,000","867 33rd Avenue, San Francisco,  CA 94121",4,4,"1,827",1922
"$1,349,000","55 Rousseau Street, San Francisco,  CA 94112",3,2,"1,969",2001
"$1,549,000","1450 Franklin Street #905, San Francisco,  CA 94109",2,2,"1,326",2017
"$695,000","619 Shotwell Street #2, San Francisco,  CA 94110",2,1,637,1963
"$6,936,000","1 Steuart Lane #1903, San Francisco,  CA 94105",3,3,"2,704",2021
"$1,470,000","435 China Basin Street #423, San Francisco,  CA 94158",2,2,"1,234",2012
"$805,000","616 20th Street #410, San Francisco,  CA 94107",2,1,799,2013
"$1,998,000","780 Haight Street, San Francisco,  CA 94117",3,2,"2,020",
"$958,000","795 La Playa Street #1, San Francisco,  CA 94121",3,2,"1,600",1991
"$2,575,000","488 Folsom Street #4405, San Francisco,  CA 94105",2,2F11/2,"1,652",2019
"$1,895,000","209 Beverly Street, San Francisco,  CA 94132",3,2F11/2,"2,224",1940
"$1,089,000","4006 22nd Street, San Francisco,  CA 94114",2,1,,
"$1,495,000","301 Mission Street #34F, San Francisco,  CA 94105",2,2,"1,620",2009
"$1,995,000","266 Curtis Street, San Francisco,  CA 94112",4,3F11/2,"2,220",2021
"$1,200,000","2040 Franklin Street #909, San Francisco,  CA 94109",2,2,"1,630",1966
"$585,000","322 6th Street #3, San Francisco,  CA 94103",,1F11/2,750,2001
"$8,250,000","1170 Sacramento Street #14D, San Francisco,  CA 94108",3,3F11/2,"2,780",1989
"$899,000","1325 Indiana Street #114, San Francisco,  CA 94107",1,2,"1,121",2002
"$2,495,000","3038 Steiner Street, San Francisco,  CA 94123",3,2F11/2,,1915
"$1,299,000","1177 California Street #1507, San Francisco,  CA 94108",2,2,"1,059",1978
"$3,675,000","488 Folsom Street #4202, San Francisco,  CA 94105",3,3,"1,888",2019
"$1,249,000","333 Bush Street #4102, San Francisco,  CA 94104",2,2,"1,250",1987
"$875,000","81 Lansing Street #307, San Francisco,  CA 94105",1,1,"1,085",1995
"$899,000","333 Bush Street #3902, San Francisco,  CA 94104",1,1,"1,050",1987
"$649,000","601 Van Ness Avenue #125, San Francisco,  CA 94102",2,2,"1,077",1982
"$719,917","566 Athens Street, San Francisco,  CA 94112",2,1,600,1916
"$799,000","1553 Thomas Avenue, San Francisco,  CA 94124",2,1,,1925
"$799,000","1470 Van Dyke Avenue, San Francisco,  CA 94124",2,2,"1,000",1917
"$1,450,000","463 Oxford Street, San Francisco,  CA 94134",3,1F11/2,"1,340",1955
"$1,495,000","165 Elsie Street, San Francisco,  CA 94110",3,1F11/2,"1,466",1906
"$1,595,000","579 Fell Street, San Francisco,  CA 94102",3,1,"1,389",1880
"$749,000","555 Fulton Street #427, San Francisco,  CA 94102",1,1,728,2020
"$450,000","1 Horace Street, San Francisco,  CA 94110",2,1,400,1937
"$213,389","1220 La Playa Street #308, San Francisco,  CA 94122",2,1,854,1961
"$2,099,000","301 Main Street #5B, San Francisco,  CA 94013",2,2F11/2,"1,845",
"$7,125,000","2763 Filbert Street, San Francisco,  CA 94123",4,3F11/2,"4,815",1913
"$829,000","1247 Harrison Street #19, San Francisco,  CA 94103",1,1F11/2,"1,106",2004
"$995,000","601 4th Street #302, San Francisco,  CA 94107",1,1,"1,026",1916
"$2,799,000","401 Harrison Street #43E, San Francisco,  CA 94105",2,2,"1,270",2014
"$1,050,000","1001 Pine Street #1101, San Francisco,  CA 94109",2,2,"1,100",1964
"$929,000","1160 Mission Street #1713, San Francisco,  CA 94103",2,2,"1,131",2008
"$3,895,000","295 14th Avenue, San Francisco,  CA 94118",5,4F11/2,"3,798",1915
"$1,895,000","175 Southwood Drive, San Francisco,  CA 94112",3,3,"2,300",
"$10,650,000","2525 Vallejo Street, San Francisco,  CA 94123",5,4F21/2,"6,448",1908
"$795,000","82 Alvarado Street, San Francisco,  CA 94110",2,1,,1900
"$1,325,000","470 Athens Street, San Francisco,  CA 94112",3,3,"1,673",1949
"$4,695,000","730 Funston Avenue, San Francisco,  CA 94118",5,3F21/2,"5,335",1923
"$4,595,000","1214 Diamond Street, San Francisco,  CA 94131",4,4,"3,191",
"$3,750,000","1126 Sanchez Street #4, San Francisco,  CA 94119",4,3F11/2,"2,818",1953
"$2,998,000","146 Peralta Avenue, San Francisco,  CA 94110",7,4,"3,812",
"$4,900,000","280 Spear Street #39D, San Francisco,  CA 94105",3,3,"2,351",2022
"$1,749,000","318 Main Street #7K, San Francisco,  CA 94105",2,2,"1,520",2015
"$1,699,000","301 Main Street #15B, San Francisco,  CA 94105",2,2,"1,317",2008
"$369,000","631 Ofarrell Street #1412, San Francisco,  CA 94109",,1,520,1930
"$1,598,000","138 Scott Street, San Francisco,  CA 94117",3,2,"1,604",1900
"$749,000","555 Fulton Street #518, San Francisco,  CA 94102",1,1,691,2020
"$1,549,000","225 Stanyan Street, San Francisco,  CA 94118",3,1,"1,425",1940
"$945,000","2177 West 3rd Street #311, San Francisco,  CA 94107",1,1,751,2020
"$198,000","900 North Point Street #CB34J, San Francisco,  CA 94109",2,2,"1,141",
"$1,650,000","1179 Filbert Street, San Francisco,  CA 94109",2,2F11/2,"1,333",1907
"$2,500,000","260 Gold Mine Drive, San Francisco,  CA 94131",4,3,"2,597",1968
"$1,299,000","160 Langton Street, San Francisco,  CA 94103",3,1F11/2,"1,245",1906
"$2,650,000","2145 Filbert Street, San Francisco,  CA 94123",4,2F11/2,"1,900",1929
"$1,099,000","1800 Bryant Street #315, San Francisco,  CA 94110",1,2,949,2000
"$1,875,000","276 Grand View Avenue, San Francisco,  CA 94114",1,1,735,1908
"$2,450,000","2201 Leavenworth Street, San Francisco,  CA 94133",4,2F11/2,"2,029",1938
"$3,700,000","2111 Greenwich Street, San Francisco,  CA 94123",2,3,"4,116",1923
"$1,680,000","129 Goethe Street, San Francisco,  CA 94112",2,2,"1,995",1908
"$1,690,000","1340 Clay Street #603, San Francisco,  CA 94109",2,2,"1,740",1991
"$755,000","270 Valencia Street #302, San Francisco,  CA 94103",1,1,694,2005
"$898,000","448 Judson Avenue, San Francisco,  CA 94112",,1,"1,441",1941
"$499,000","135 Red Rock Way #105L, San Francisco,  CA 94131",,1,650,1972
"$1,398,000","200 Brannan Street #141, San Francisco,  CA 94107",2,2,"1,613",2004
"$899,000","1126 Sanchez Street #2, San Francisco,  CA 94114",1,1,,1953
"$392,398","719 Larkin Street #502, San Francisco,  CA 94109",1,1,545,2019
"$1,029,000","588 Minna Street #704, San Francisco,  CA 94103",2,2,"1,055",2020
"$709,000","1483 Sutter Street #522, San Francisco,  CA 94109",1,1,780,1993
"$2,399,000","288 Pacific Avenue #2H, San Francisco,  CA 94111",2,2F11/2,"1,248",2018
"$925,000","2011 3rd Street #8, San Francisco,  CA 94107",1,2,"1,086",1997
"$998,000","720 Stockton Street #3, San Francisco,  CA 94108",2,2,,2001
"$925,000","333 Main Street #2A, San Francisco,  CA 94105",1,1F11/2,"1,090",2008
"$620,000","555 4th Street #728, San Francisco,  CA 94107",1,1,671,2006
"$1,199,000","37 Pope Street, San Francisco,  CA 94112",2,1,"1,147",1910
"$5,495,000","4258 26th Street, San Francisco,  CA 94131",5,4F11/2,"3,854",1890
"$1,198,000","1501 Greenwich Street #202, San Francisco,  CA 94123",2,2,"1,050",2008
"$4,295,000","2338 California Street, San Francisco,  CA 94115",4,3F11/2,"3,090",1875
"$1,100,000","950 Tennessee Street #111, San Francisco,  CA 94107",2,2,911,2020
"$3,385,000","2266 9th Avenue, San Francisco,  CA 94116",6,4,"4,816",1978
"$1,295,000","101 Lombard #101W, San Francisco,  CA 94111",2,2,"1,368",1983
"$6,900,000","3255 Pacific Avenue, San Francisco,  CA 94118",6,5F11/2,"7,945",1910
"$549,000","1201 Sutter Street #502, San Francisco,  CA 94109",1,1,,2021
"$3,775,000","488 Folsom Street #4302, San Francisco,  CA 94105",3,3,"1,888",2019
"$1,225,000","355 Bryant Street #309, San Francisco,  CA 94107",1,1F11/2,"1,551",1917
"$1,595,000","569 Waller Street, San Francisco,  CA 94117",3,1F11/2,"1,670",
"$1,995,000","742 Hayes Street, San Francisco,  CA 94102",4,3,"2,960",1890
"$2,275,000","2356 Larkin Street, San Francisco,  CA 94109",3,2,"2,072",1925
"$1,099,000","1598 Bay Street #104, San Francisco,  CA 94123",1,1,733,2018
"$2,295,000","2289 15th Street, San Francisco,  CA 94114",3,3,"1,512",1900
"$1,249,000","900 Minnesota Street #116, San Francisco,  CA 94107",2,2,"1,244",2009
"$1,050,000","425 1st Street #2501, San Francisco,  CA 94105",1,1,837,2008
"$4,650,000","1915 Washington Street, San Francisco,  CA 94109",4,4,"3,700",1914
"$995,000","17 Precita Avenue, San Francisco,  CA 94110",2,1F11/2,800,1900
"$1,200,000","1377 14th Avenue, San Francisco,  CA 94122",2,2,"1,380",1923
"$849,000","1788 Clay Street #601, San Francisco,  CA 94109",1,1,754,2014
"$2,795,000","34 Tamalpais Terrace, San Francisco,  CA 94118",4,3,"2,437",1937
"$999,000","400 Beale Street #707, San Francisco,  CA 94105",2,2,"1,102",2001
"$899,000","3330 Octavia Street #1, San Francisco,  CA 94123",1,1,742,1925
"$1,808,000","1580 Pacific Avenue #M2, San Francisco,  CA 94109",2,2,"1,170",
"$1,598,000","1580 Pacific Avenue #Q3, San Francisco,  CA 94109",2,2,"1,196",
"$699,000","451 Donahue Street #502, San Francisco,  CA 94124",2,2,"1,011",2016
"$1,399,000","1580 Pacific Avenue #L6, San Francisco,  CA 94109",2,2,991,
"$700,000","1177 California Street #1215, San Francisco,  CA 94108",1,1,795,1978
"$899,000","1580 Pacific Avenue #F3, San Francisco,  CA 94109",1,1,726,
"$599,000","650 Turk Street #805, San Francisco,  CA 94102",1,1,643,2008
"$4,950,000","22 Harper Street, San Francisco,  CA 94131",6,5,"3,961",1900
"$2,825,000","1501 Filbert Street #TH1A, San Francisco,  CA 94123",3,3F11/2,"2,569",2014
"$689,000","1 Daniel Burnham Court #905, San Francisco,  CA 94109",1,1,725,1988
"$2,595,000","531 20th Avenue, San Francisco,  CA 94121",4,4F11/2,"2,300",1913
"$1,695,000","196 Ocean Avenue, San Francisco,  CA 94112",6,3,"2,910",1904
"$4,195,000","2721 Pierce Street, San Francisco,  CA 94123",4,2,"2,774",1908
"$999,000","975 Girard Street, San Francisco,  CA 94134",3,3,"1,605",1946
"$825,000","5810 Mission Street #307, San Francisco,  CA 94112",2,2,"1,022",1998
"$3,750,000","280 Spear Street #39B, San Francisco,  CA 94105",3,3,"2,214",2022
"$1,980,000","73 Dolores Terrace, San Francisco,  CA 94110",3,2F11/2,"1,458",1998
"$450,799","280 Spear Street #26B, San Francisco,  CA 94105",2,1,827,2020
"$3,498,000","765 Market Street #32H, San Francisco,  CA 94103",2,2F11/2,"1,453",2001
"$1,195,000","4167 Cesar Chavez Street, San Francisco,  CA 94131",2,1,990,1977
"$995,000","1776 Sacramento Street #609, San Francisco,  CA 94109",2,2,"1,064",1992
"$1,249,000","400 Avila Street #106, San Francisco,  CA 94123",2,1,,
"$1,080,000","701 Minna Street #12, San Francisco,  CA 94103",2,2,"1,782",1999
"$630,000","960 Market Street #207, San Francisco,  CA 94102",1,1,647,
"$1,195,000","553 Frederick Street #301, San Francisco,  CA 94117",2,2,922,1982
"$525,000","55 Red Rock Way #208O, San Francisco,  CA 94131",,1,,1972
"$4,995,000","2960 Steiner Street, San Francisco,  CA 94123",5,4F11/2,"3,975",1900
"$1,340,000","221 Steiner Street, San Francisco,  CA 94117",2,1,"1,525",1900
"$599,000","650 Turk Street #402, San Francisco,  CA 94102",1,1,706,2008
"$1,325,000","425 1st Street #803, San Francisco,  CA 94105",2,2,"1,278",2008
"$995,000","1083 Clay Street #203, San Francisco,  CA 94108",1,1,990,1984
"$3,750,000","66 Elsie Street, San Francisco,  CA 94110",5,4,,1974
"$1,295,000","426 Valley Street, San Francisco,  CA 94131",2,1,995,1910
"$749,000","1624 Larkin Street #1, San Francisco,  CA 94109",1,1,,1984
"$19,995,000","21 Everson Street, San Francisco,  CA 94131",6,6F31/2,"9,704",
"$4,950,000","1450 Sanchez Street, San Francisco,  CA 94131",6,3F11/2,,1908
"$1,595,000","301 Mission Street #10C, San Francisco,  CA 94105",2,2,"1,583",2009
"$3,099,000","25 Peralta Avenue, San Francisco,  CA 94110",4,4,"2,588",1902
"$7,250,000","3103 Clay Street, San Francisco,  CA 94115",3,3F11/2,,1906
"$775,000","2 Mint Plaza #705, San Francisco,  CA 94103",1,1,996,1926
"$998,000","66 Cleary Court #909, San Francisco,  CA 94109",3,2,"1,102",1963
"$1,445,000","2009 Oak Street, San Francisco,  CA 94117",2,2,"1,340",1900
"$2,495,000","3562 18th Street, San Francisco,  CA 94110",2,2,"1,805",1917
"$3,500,000","765 Market Street #28D, San Francisco,  CA 94103",3,3,"2,569",2001
"$1,699,000","1915 Palou Avenue, San Francisco,  CA 94124",6,5,"2,503",1912
"$550,000","870 Harrison Street #303, San Francisco,  CA 94107",1,1,531,2015
"$995,000","75 Santa Marina Street, San Francisco,  CA 94110",4,1,"1,362",1907
"$965,000","782 15th Avenue, San Francisco,  CA 94118",2,2,"1,170",1919
"$889,000","318 Spear Street #3G, San Francisco,  CA 94105",1,1,847,2008
"$2,595,000","417 Mississippi Street, San Francisco,  CA 94107",3,2F11/2,"2,057",1953
"$599,000","240 Lombard Street #738, San Francisco,  CA 94111",1,1,644,1993
"$1,795,000","1188 Valencia Street #501, San Francisco,  CA 94110",2,2,,2018
"$1,995,000","3520 17th Street, San Francisco,  CA 94110",3,2,"1,535",1908
"$538,000","650 Turk Street #204, San Francisco,  CA 94102",1,1,643,2008
"$1,328,000","170 Thrift Street, San Francisco,  CA 94112",4,2,"1,845",1977
"$699,000","239 8th Street #3, San Francisco,  CA 94103",1,2,912,2003
"$899,000","9 Vista View Court, San Francisco,  CA 94124",2,2,"1,301",
"$1,750,000","351 Louisburg Street, San Francisco,  CA 94112",7,5,"3,092",2010
"$12,995,000","181 Fremont Street #68B, San Francisco,  CA 94105",2,2F11/2,"3,256",2018
"$1,045,000","181 Fremont Street #54L, San Francisco,  CA 94105",1,1,580,2018
"$1,268,000","875 California Street #506, San Francisco,  CA 94108",1,1,665,2021
"$1,995,000","338 Spear Street #31E, San Francisco,  CA 94105",2,2,"1,340",2009
"$1,798,000","1991 San Jose Avenue, San Francisco,  CA 94112",3,2F11/2,"1,788",
"$1,099,000","280 Spear Street #31B, San Francisco,  CA 94105",1,1,811,2022
"$900,000","212 Elsie Street, San Francisco,  CA 94110",2,1,725,1900
"$800,000","313 Winfield Street, San Francisco,  CA 94110",2,1,750,1900
"$648,000","300 3rd Street #508, San Francisco,  CA 94107",1,1,807,1990
"$599,000","155 Harriet Street #3, San Francisco,  CA 94103",1,1F11/2,988,2001
"$995,000","701 Minna Street #17, San Francisco,  CA 94103",2,2F11/2,"1,778",1999
"$1,985,000","62 Vernon Street, San Francisco,  CA 94132",7,5F11/2,,
"$2,495,000","401 Harrison Street #40E, San Francisco,  CA 94105",2,2,"1,270",2014
"$1,099,000","84 Saturn Street, San Francisco,  CA 94114",2,1,875,1904
"$289,935","555 Fulton Street #322, San Francisco,  CA 94102",1,1,640,2020
"$888,000","145 Gardenside Drive #19, San Francisco,  CA 94131",2,1F11/2,"1,014",1981
"$1,798,000","822 45th Avenue, San Francisco,  CA 94121",4,2,"2,033",1924
"$750,000","2001 Mcallister Street #113, San Francisco,  CA 94118",1,1,659,2002
"$649,000","1201 Sutter Street #610, San Francisco,  CA 94109",1,1,,2021
"$995,000","300 Beale Street #319, San Francisco,  CA 94105",1,1,954,1937
"$3,348,000","664 Douglass Street, San Francisco,  CA 94114",3,2F11/2,"2,480",1900
"$1,208,000","1827 33rd Avenue, San Francisco,  CA 94122",2,1,"1,733",1941
"$1,195,000","112 Bayview Circle, San Francisco,  CA 94124",3,2,"1,594",1986
"$1,795,000","3527 Sacramento Street, San Francisco,  CA 94118",2,3,"1,508",1908
"$1,349,000","712 Bryant Street #6, San Francisco,  CA 94107",3,3,"2,097",2001
"$1,699,000","40 Francis Street, San Francisco,  CA 94112",5,3,"2,328",1911
"$1,095,000","892 45th Avenue, San Francisco,  CA 94121",2,1,,1948
"$685,000","1288 Howard Street #524, San Francisco,  CA 94103",1,1,,2022
"$761,750","460 Filbert Street #2, San Francisco,  CA 94133",1,1,760,1957
"$765,000","1 Daniel Burnham Court #1216, San Francisco,  CA 94109",1,1,750,1988
"$1,199,000","766 Thornton Avenue, San Francisco,  CA 94124",5,1,"1,306",1930
"$650,000","1545 Pine Street #605, San Francisco,  CA 94109",1,1,,2017
"$599,000","333 Cherry Street #B, San Francisco,  CA 94118",,1,,1908
"$828,000","1365 Scott Street #1, San Francisco,  CA 94115",2,1F11/2,"1,011",1987
"$699,000","240 Lombard Street #939, San Francisco,  CA 94111",1,1,840,1993
"$650,000","2015 Carroll Avenue, San Francisco,  CA 94124",2,1,775,1939
"$899,000","10 Miller Place #1002, San Francisco,  CA 94108",1,1,600,1963
"$437,361","451 Kansas Street #416, San Francisco,  CA 94107",1,1,693,2007
"$849,000","718 Long Bridge Street #220, San Francisco,  CA 94158",1,1,857,2016
"$475,000","8100 Oceanview Terrace #109, San Francisco,  CA 94132",1,1,492,
"$749,888","1177 California Street #1012, San Francisco,  CA 94108",1,1,"1,056",1978
"$3,595,000","1150 Sacramento Street #304, San Francisco,  CA 94108",2,2F11/2,"2,588",1989
"$2,990,000","808 Dolores Street, San Francisco,  CA 94110",3,3F11/2,"2,095",1916
"$500,000","95 Red Rock Way #209M, San Francisco,  CA 94131",,1,474,1972
"$4,750,000","100 Walnut Street, San Francisco,  CA 94118",4,4F11/2,"3,263",1903
"$1,690,000","2200 Pacific Avenue #11F, San Francisco,  CA 94115",2,2,,1962
"$2,950,000","965 Natoma Street, San Francisco,  CA 94103",4,5,"2,647",1906
"$5,900,000","1960 Grant Avenue #PH17, San Francisco,  CA 94133",3,3F11/2,"2,955",1988
"$9,995,000","1045 Francisco Street, San Francisco,  CA 94109",4,4F11/2,"4,560",1952
"$6,995,000","1567 Union Street, San Francisco,  CA 94123",5,6,"4,309",2024
"$699,000","2025 Keith Street, San Francisco,  CA 94124",2,2F11/2,"1,260",1910
"$9,988,000","1250 Jones Street #1901, San Francisco,  CA 94109",5,4,"3,920",1929
"$750,000","1 Daniel Burnham Court #816, San Francisco,  CA 94109",1,1F11/2,716,1988
"$745,000","1 Bristol Court #411, San Francisco,  CA 94130",1,1,898,2022
"$555,000","1 Bristol Court #201, San Francisco,  CA 94130",,1,677,2022
"$2,795,000","60 Laidley Street, San Francisco,  CA 94131",4,3F11/2,"4,090",1970
"$2,595,000","62 Laidley Street, San Francisco,  CA 94131",4,3F11/2,"3,931",
"$1,220,000","485 Bryant Street #B, San Francisco,  CA 94107",2,2F11/2,"1,138",
"$895,000","989 20th Street #567, San Francisco,  CA 94107",1,1,835,2009
"$5,500,000","630 27th Street, San Francisco,  CA 94131",4,3,"3,200",1942
"$799,000","1788 Clay Street #702, San Francisco,  CA 94109",1,1,686,2014
"$899,000","501 Crescent Way #5213, San Francisco,  CA 94134",3,2,"1,473",2006
"$999,500","250 King Street #544, San Francisco,  CA 94107",2,2,"1,112",2004
"$599,000","240 Lombard Street #227, San Francisco,  CA 94111",1,1,586,1993
"$699,000","1 Hawthorne Street #10D, San Francisco,  CA 94105",1,1,846,
"$361,335","1201 Sutter Street #202, San Francisco,  CA 94109",,1,,
"$3,950,000","1557 Funston Avenue, San Francisco,  CA 94122",4,4F11/2,"3,300",2023
"$530,000","140 South Van Ness Avenue #1037, San Francisco,  CA 94103",,1,575,2002
"$1,995,000","280 Spear Street #31C, San Francisco,  CA 94105",2,2,"1,270",2020
"$895,000","1340 Clay Street #303, San Francisco,  CA 94109",1,1,"1,110",1991
"$924,000","601 4th Street #103, San Francisco,  CA 94107",2,1F11/2,"1,243",1916
"$2,095,000","461 2nd Street #C129, San Francisco,  CA 94107",2,2,"2,036",1907
"$1,495,000","2177 3rd Street #615, San Francisco,  CA 94107",2,2,"1,155",2020
"$4,880,000","2901 Lake Street, San Francisco,  CA 94121",4,3F11/2,"4,177",1960
"$599,000","2701 Van Ness Avenue #403, San Francisco,  CA 94109",,1,551,1929
"$1,795,000","2525 Van Ness Avenue #404, San Francisco,  CA 94109",2,2F11/2,"1,353",2024
"$8,495,000","2535 Union Street, San Francisco,  CA 94123",4,4F11/2,"4,065",1906
"$2,075,000","280 Spear Street #29C, San Francisco,  CA 94105",2,2,"1,312",2020
"$331,448","1450 Franklin Street #403, San Francisco,  CA 94109",1,1,691,2017
"$730,000","1288 Howard Street #504, San Francisco,  CA 94103",1,1,,
"$395,000","1238 Sutter Street #303, San Francisco,  CA 94109",1,1,420,2018
"$998,000","1635 California Street #61, San Francisco,  CA 94109",2,2,983,2005
"$1,237,500","30 Abbey Street, San Francisco,  CA 94114",3,2,"1,111",1900
"$1,149,000","1921 Jefferson Street #301, San Francisco,  CA 94123",2,2,832,1991
"$3,195,000","256 28th Street, San Francisco,  CA 94131",5,3F11/2,"2,775",1906
"$895,000","2360 Folsom Street, San Francisco,  CA 94110",2,2,796,1900
"$515,000","960 Market Street #217, San Francisco,  CA 94102",,1,503,
"$1,115,000","960 Market Street #620, San Francisco,  CA 94102",2,2,"1,001",
"$1,149,000","555 Golden Gate Avenue #606, San Francisco,  CA 94102",2,2,977,2021
"$1,495,000","148 Blake Street #2, San Francisco,  CA 94118",3,2,"1,760",1982
"$13,900,000","2839 Pacific Avenue, San Francisco,  CA 94115",5,5F11/2,"8,650",1912
"$799,000","101 Lombard Street #714W, San Francisco,  CA 94114",1,1,"1,030",1983
"$1,550,000","126 Milton Street, San Francisco,  CA 94112",3,2F11/2,"1,948",1915
"$747,888","8200 Oceanview Terrace #115, San Francisco,  CA 94132",2,2,948,
"$579,000","260 King Street #961, San Francisco,  CA 94107",1,1,618,2004
"$948,000","2287 47th Avenue, San Francisco,  CA 94116",2,1,"1,025",1951
"$1,295,000","500 Masonic Avenue #5, San Francisco,  CA 94117",2,2F11/2,"1,196",2001
"$1,450,000","461 2nd Street #102, San Francisco,  CA 94107",2,2,"1,635",1907
"$2,550,000","401 Harrison Street #47C, San Francisco,  CA 94105",2,2,"1,589",2014
"$6,750,000","2848 Union Street, San Francisco,  CA 94123",5,4F11/2,"4,724",
"$698,000","140 Pennsylvania Avenue #203, San Francisco,  CA 94107",1,1,761,2017
"$798,000","1580 Pacific Avenue #E2, San Francisco,  CA 94109",1,1,729,
"$1,095,000","425 1st Street #3201, San Francisco,  CA 94105",1,1,837,2008
"$1,795,000","601 4th Street #322, San Francisco,  CA 94107",2,2,"2,029",1916
"$1,395,000","2829 25th Street #3, San Francisco,  CA 94110",3,2F11/2,"1,609",2020
"$1,032,200","1441 Cayuga Avenue, San Francisco,  CA 94112",3,1,"1,340",1936
"$1,200,000","320 Bartlett Street, San Francisco,  CA 94110",2,1,990,1900
"$1,195,000","3535 Wawona Street #414, San Francisco,  CA 94116",2,2,"1,168",2020
"$3,395,000","1338 Filbert Street #C, San Francisco,  CA 94109",3,3F11/2,"2,617",1906
"$629,000","88 Arkansas Street #421, San Francisco,  CA 94107",1,1,574,2022
"$1,398,000","1222 Funston Avenue, San Francisco,  CA 94122",2,1,750,1908
"$825,000","2448 Lombard Street #313, San Francisco,  CA 94123",,1,575,2020
"$2,499,000","188 Minna Street #32F, San Francisco,  CA 94105",2,2F11/2,"1,527",2005
"$990,000","1388 Gough Street #607, San Francisco,  CA 94109",2,2,"1,380",1993
"$1,295,000","2085 Greenwich Street, San Francisco,  CA 94123",1,1,839,1924
"$1,649,000","1645 Pacific Avenue #2D, San Francisco,  CA 94109",2,2,"1,399",2014
"$879,000","1000 Franklin Street #401, San Francisco,  CA 94109",2,2,"1,054",1980
"$1,199,000","1156 Treat Avenue #B, San Francisco,  CA 94110",3,1F11/2,"1,126",1898
"$599,000","5853 Mission Street #1, San Francisco,  CA 94112",2,1,835,1980
"$664,888","240 Lombard Street #839, San Francisco,  CA 94111",1,1,840,1993
"$899,000","1884 Bush Street, San Francisco,  CA 94109",2,2,934,1900
"$795,000","260 King Street #915, San Francisco,  CA 94107",1,1,903,2004
"$799,000","333 1st Street #N305, San Francisco,  CA 94105",1,1,709,2004
"$499,900","1177 California Street #1403, San Francisco,  CA 94108",,1,411,1978
"$1,595,000","611 Washington Street #2405, San Francisco,  CA 94111",2,2,"1,908",1984
"$575,000","219 Brannan Street #3E, San Francisco,  CA 94107",1,1,476,2000
"$775,000","140 South Van Ness #729, San Francisco,  CA 94103",2,2,"1,160",2002
"$2,795,000","149 Laidley Street, San Francisco,  CA 94131",3,2,"2,404",1900
"$1,399,000","2618 22nd Street, San Francisco,  CA 94110",3,2,"1,200",1924
"$875,000","1150 Lombard Street #29, San Francisco,  CA 94109",1,1,957,
"$1,195,000","101 Lombard Street #416E, San Francisco,  CA 94111",1,1,"1,030",1983
"$1,389,000","1 Bristol Court #220, San Francisco,  CA 94130",2,2F11/2,"1,394",2022
"$1,525,000","200 Brannan Street #130, San Francisco,  CA 94107",1,1F11/2,"1,645",2004
"$1,850,000","3 Meacham Place, San Francisco,  CA 94109",2,2,"3,520",1900
"$9,500,000","2735 Baker Street, San Francisco,  CA 94123",4,4F11/2,,1915
"$8,500,000","1 Steuart Lane #1401, San Francisco,  CA 94105",3,3,"2,556",2021
"$998,000","1 Bristol Court #111, San Francisco,  CA 94130",1,1,921,2022
"$639,000","1177 California Street #230, San Francisco,  CA 94108",1,1,656,
"$3,295,000","3623 Buchanan Street, San Francisco,  CA 94123",3,2F21/2,"2,700",
"$1,569,000","301 Main Street #3B, San Francisco,  CA 94105",2,2F11/2,"1,822",2008
"$1,481,000","1 Bristol Court #119, San Francisco,  CA 94130",2,2F11/2,"1,402",2022
"$1,459,000","333 Main Street #5E, San Francisco,  CA 94105",2,2,"1,366",2008
"$5,995,000","2422 Buchanan Street, San Francisco,  CA 94115",6,3F21/2,"4,820",1900
"$2,995,000","181 Fremont Street #65D, San Francisco,  CA 94105",2,2,"1,555",2018
"$4,995,000","181 Fremont Street #56B, San Francisco,  CA 94105",2,2F11/2,"2,226",2018
"$4,895,000","181 Fremont Street #63A, San Francisco,  CA 94105",3,3F11/2,"1,882",2018
"$1,475,000","411 Francisco Street #306F, San Francisco,  CA 94133",2,2,"1,300",2001
"$1,395,000","37 Midway Street #3, San Francisco,  CA 94133",2,2F11/2,"1,440",1986
"$3,498,000","150 Magellan Avenue, San Francisco,  CA 94116",4,3,,1928
"$1,895,000","3131 Pierce Street #101, San Francisco,  CA 94123",2,2F11/2,"1,731",
"$1,495,000","22 Magnolia Street, San Francisco,  CA 94123",2,1,"1,180",1927
"$475,000","1177 California Street #1003, San Francisco,  CA 94108",,1,,1978
"$464,296","85 Ora Way #E207, San Francisco,  CA 94131",1,1,676,1975
"$899,000","566 South Van Ness Avenue #25, San Francisco,  CA 94110",2,2,963,2007
"$4,180,000","230 Capra Way, San Francisco,  CA 94123",3,3F21/2,"2,731",
"$6,395,000","1 Steuart Lane #401, San Francisco,  CA 94105",2,3,,
"$8,650,000","1 Steuart Lane #1706, San Francisco,  CA 94105",3,3,"2,351",2021
"$495,000","855 Folsom Street #701, San Francisco,  CA 94107",1,1,701,2001
"$1,275,000","214 States Street, San Francisco,  CA 94114",3,1,"1,500",1910
"$3,995,000","939 Kansas Street, San Francisco,  CA 94107",4,4F11/2,"3,410",
"$2,325,000","1507 Diamond Street, San Francisco,  CA 94131",4,2F11/2,"2,130",1912
"$323,919","1914 Pine Street #5, San Francisco,  CA 94109",1,1,"1,180",1906
"$1,250,000","311 Grove Street #6, San Francisco,  CA 94102",2,2,950,
"$699,000","311 Grove Street #2, San Francisco,  CA 94102",1,1,670,
"$1,050,000","311 Grove Street #7, San Francisco,  CA 94102",2,2,,
"$1,149,000","555 Fulton Street #502, San Francisco,  CA 94102",2,2,"1,005",2020
"$1,625,000","101 Lombard Street #109W, San Francisco,  CA 94111",2,2,"1,712",1983
"$8,500,000","250 Jersey Street, San Francisco,  CA 94114",4,3F31/2,"4,020",
"$2,595,000","923 Kansas Street, San Francisco,  CA 94107",3,2F11/2,"2,295",
"$2,100,000","929 Kansas Street, San Francisco,  CA 94107",2,2,"1,760",
"$495,000","1288 Howard Street #614, San Francisco,  CA 94103",,1,,
"$1,150,000","2286 Filbert Street, San Francisco,  CA 94123",2,1F11/2,"1,160",1905
"$799,000","1578 Indiana Street #1, San Francisco,  CA 94107",2,2,"1,141",2003
"$3,695,000","714 Rhode Island Street, San Francisco,  CA 94107",4,4F11/2,"2,610",
"$925,000","101 Lombard #610W, San Francisco,  CA 94111",1,1,"1,030",1983
"$2,498,000","640 Davis Street #3, San Francisco,  CA 94111",3,3,"2,251",1983
"$575,000","199 New Montgomery Street #1411, San Francisco,  CA 94105",,1,412,2004
"$990,000","2 Mint Plaza #903, San Francisco,  CA 94103",1,1,"1,104",1926
"$6,500,000","301 Mission Street #52B, San Francisco,  CA 94105",3,3F11/2,"3,315",2009
"$1,050,000","201 Folsom Street #15D, San Francisco,  CA 94105",1,1,876,2016
"$325,000","631 Ofarrell Street #403, San Francisco,  CA 94109",,1,520,
"$1,150,000","1345 Taraval Street, San Francisco,  CA 94116",3,3,"1,244",1924
"$675,000","135 Valencia Street #A208, San Francisco,  CA 94103",2,1,798,1997
"$1,226,000","301 Mission Street #28A, San Francisco,  CA 94105",2,2,"1,517",2009
"$1,345,000","425 1st Street #906, San Francisco,  CA 94105",2,2,"1,238",2008
"$968,000","301 Mission Street #8J, San Francisco,  CA 94105",2,2,"1,207",2009
"$1,495,000","3534 Taraval Street, San Francisco,  CA 94116",3,2,"1,507",2017
"$1,650,000","1688 Pine Street #E1206, San Francisco,  CA 94109",2,2,"1,280",2016
"$1,398,000","257 Miramar Avenue, San Francisco,  CA 94112",3,5,"2,000",1906
"$9,400,000","1890 Vallejo Street, San Francisco,  CA 94123",5,5F21/2,"6,600",1923
"$7,000,000","328 Cumberland Street, San Francisco,  CA 94114",4,4F21/2,"4,160",1928
"$1,145,000","60 Elgin Park Park, San Francisco,  CA 94103",2,2,"1,363",1907
"$1,210,000","1321 Greenwich Street, San Francisco,  CA 94109",2,1,"1,227",1924
"$2,600,000","850 Powell Street #104, San Francisco,  CA 94108",4,4,"2,454",1923
"$895,000","151 Alice B. Toklas Place #703, San Francisco,  CA 94109",1,1,989,
"$569,000","1201 Sutter Street #212, San Francisco,  CA 94109",1,1,,2021
"$7,750,000","2536 Baker Street, San Francisco,  CA 94123",4,4F11/2,"5,580",1917
"$3,700,000","401 Harrison Street #44A, San Francisco,  CA 94105",2,2,"1,648",2014
"$7,000,000","301 Mission Street #49B, San Francisco,  CA 94105",2,3F11/2,"3,315",2009
"$12,335,000","2480 Broadway Street, San Francisco,  CA 94115",5,3F21/2,"6,507",1907
"$15,100,000","2620 Buchanan Street, San Francisco,  CA 94115",6,7F11/2,"8,350",1900
"$2,155,000","288 Pacific Avenue #6C, San Francisco,  CA 94111",2,2,"1,400",2018
"$799,000","2177 3rd Street #709, San Francisco,  CA 94107",1,1,717,2020
"$1,995,000","145 Hampshire Street #B, San Francisco,  CA 94103",4,3,"3,083",2001
"$988,000","1483 Sutter Street #1001, San Francisco,  CA 94109",1,1,"1,050",1993
"$899,000","140 Pennsylvania Avenue #101, San Francisco,  CA 94107",2,1,920,2017
"$1,491,000","706 Mission Street #19C, San Francisco,  CA 94103",1,1F11/2,"1,160",2021
"$4,956,000","706 Mission Street #14A, San Francisco,  CA 94103",3,3F11/2,"3,176",2021
"$1,912,500","706 Mission Street #802, San Francisco,  CA 94103",2,2,"1,442",2021
"$1,750,000","765 Market Street #33H, San Francisco,  CA 94103",2,2F11/2,"1,510",2001
"$1,095,000","1288 Howard Street #420, San Francisco,  CA 94103",2,2,"1,100",2022
"$2,848,000","425 1st Street #5802, San Francisco,  CA 94105",3,2,,2008
"$930,000","1160 Mission Street #606, San Francisco,  CA 94103",2,2,"1,146",2008
"$550,000","1288 Howard Street #313, San Francisco,  CA 94103",1,1,547,2022
"$599,000","58 Varennes Street #B, San Francisco,  CA 94133",2,1,,1906
"$550,000","946 Stockton Street #14C, San Francisco,  CA 94108",2,1F11/2,690,
"$11,900,000","488 Folsom Street #5602, San Francisco,  CA 94105",3,3,"4,312",2019
"$649,000","601 Van Ness Avenue #64, San Francisco,  CA 94102",2,2,977,1982
"$825,000","426 Fillmore Street #A, San Francisco,  CA 94117",2,2,"1,086",1988
"$975,000","403 Main Street #111N, San Francisco,  CA 94105",2,2,"1,196",1997
"$1,050,000","355 Buena Vista Avenue #506W, San Francisco,  CA 94117",1,1,825,1986
"$825,000","1288 Howard Street #302, San Francisco,  CA 94103",1,1,828,2022
"$525,000","260 King Street #761, San Francisco,  CA 94107",1,1,618,2004
"$317,175","31 Page Street #502, San Francisco,  CA 94102",1,1,506,2014
"$795,000","288 Pacific Avenue #2E, San Francisco,  CA 94111",,1,,2018
"$1,495,000","301 Mission Street #PH6, San Francisco,  CA 94105",1,2,"1,633",2009
"$618,000","832 Sutter Street #604, San Francisco,  CA 94109",1,1,702,2016
"$869,000","177 Townsend Street #526, San Francisco,  CA 94107",1,1,852,2007
"$589,000","1160 Mission Street #710, San Francisco,  CA 94103",1,1,755,2008
"$1,598,000","3071 Market Street, San Francisco,  CA 94114",4,2F11/2,"1,088",1951
"$579,000","260 King Street #953, San Francisco,  CA 94107",1,1,,2004
"$550,000","403 Main Street #505N, San Francisco,  CA 94105",1,1,493,1997
"$3,499,000","1671 34th Avenue, San Francisco,  CA 94122",5,3,"2,616",1940
"$2,695,000","1 Steuart Lane #904, San Francisco,  CA 94105",2,2,,
"$1,040,000","1 Steuart Lane #309, San Francisco,  CA 94105",1,1,880,
"$3,107,000","1 Steuart Lane #605, San Francisco,  CA 94105",2,2,"1,770",2021
"$629,000","88 Arkansas Street #118, San Francisco,  CA 94107",,1,465,2022
"$1,039,000","88 Arkansas Street #314, San Francisco,  CA 94107",2,2,853,2022
"$5,375,000","332 27th Street, San Francisco,  CA 94131",5,4F21/2,"4,620",
"$898,000","333 Beale Street #8F, San Francisco,  CA 94105",1,1,920,2015
"$9,750,000","2470 Broadway Street, San Francisco,  CA 94115",5,4F11/2,,
"$1,750,000","1900 Broadway #5, San Francisco,  CA 94109",2,1,"1,315",1920
"$4,995,000","1515 Union Street #6E, San Francisco,  CA 94123",3,3,"1,871",2020
"$5,800,000","1515 Union Street #PH5, San Francisco,  CA 94123",3,2F11/2,"1,943",2020
"$2,475,000","55 Child Street #2, San Francisco,  CA 94133",3,2,"1,700",1977
"$3,500,000","2525 Van Ness Avenue #501, San Francisco,  CA 94109",3,3F11/2,"1,951",2024
"$899,000","555 Golden Gate Avenue #402, San Francisco,  CA 94102",2,1,830,2021
"$1,195,000","950 Steiner Street #6, San Francisco,  CA 94117",2,1,"1,098",1900
"$3,245,000","1632 North Point Street, San Francisco,  CA 94123",4,2F11/2,"2,355",
"$1,298,000","4 Newell Street #A, San Francisco,  CA 94133",1,2,"1,171",1918
"$758,000","1650 Jackson Street #707, San Francisco,  CA 94109",1,1,845,1991
"$1,395,000","488 Folsom Street #3301, San Francisco,  CA 94105",1,1F11/2,915,2019
"$1,400,000","488 Folsom Street #4904, San Francisco,  CA 94105",1,1F11/2,987,2019
"$2,395,000","1 Steuart Lane #606, San Francisco,  CA 94105",2,2,"1,514",2021
"$1,995,000","1 Steuart Lane #302, San Francisco,  CA 94105",1,1F11/2,"1,133",
"$899,000","102 Stoneridge Lane, San Francisco,  CA 94134",3,2,"1,588",1994
"$396,000","280 Spear Street #10H, San Francisco,  CA 94105",1,1,669,2019
"$1,025,000","2635 San Jose Avenue, San Francisco,  CA 94112",2,1F11/2,"1,563",1939
"$425,198","1400 Mission Street #804, San Francisco,  CA 94103",2,2,904,2015
"$2,898,000","280 Spear Street #25E, San Francisco,  CA 94105",2,2,"1,286",2020
"$799,000","2177 3rd Street #704, San Francisco,  CA 94107",1,1,686,2020
"$550,000","199 New Montgomery Street #1011, San Francisco,  CA 94105",,1,412,2004
"$1,325,000","875 California Street #301, San Francisco,  CA 94108",2,2,"1,036",2020
"$1,349,999","471 Paris Street, San Francisco,  CA 94112",5,3,"1,600",1921
"$875,000","2177 3rd Street #622, San Francisco,  CA 94107",1,1,651,2020
"$899,800","300 3rd Street #705, San Francisco,  CA 94107",2,2,"1,161",1990
"$2,900,000","1515 Union Street #PH4, San Francisco,  CA 94123",2,2,"1,618",2020
"$780,000","2 Mint Plaza #904, San Francisco,  CA 94103",1,1,"1,092",1926
"$388,000","601 Van Ness Avenue #108, San Francisco,  CA 94102",,1,518,1982
"$549,900","1160 Mission Street #2209, San Francisco,  CA 94103",1,1,764,2008
"$1,500,000","301 Mission Street #PH1, San Francisco,  CA 94105",2,2,"1,953",2009
"$453,288","1740 Bancroft Avenue #352, San Francisco,  CA 94124",2,1,"1,117",2009
"$459,000","901 Bush Street #406, San Francisco,  CA 94109",,1,,1909
"$1,298,000","301 Mission Street #3F, San Francisco,  CA 94105",2,3,"1,845",2009
"$6,955,000","17 Guy Place, San Francisco,  CA 94105",5,6,"5,115",2020
"$1,099,000","650 2nd Street #603, San Francisco,  CA 94107",1,1,"1,274",1996
"$448,888","855 Folsom Street #316, San Francisco,  CA 94107",1,1,642,2001
"$1,315,000","1 Bristol Court #216, San Francisco,  CA 94130",1,1,"1,031",2022
"$845,000","118 Jerrold Avenue, San Francisco,  CA 94124",3,2,"1,325",
"$2,888,000","1 Bristol Court #218, San Francisco,  CA 94130",3,2F11/2,"2,259",2022
"$1,656,000","1 Bristol Court #102, San Francisco,  CA 94130",2,2F11/2,"1,421",2022
"$1,895,000","1 Bristol Court #301, San Francisco,  CA 94130",2,2F11/2,"1,909",
"$396,989","4800 3rd Street #406, San Francisco,  CA 94124",2,1F11/2,"1,073",2009
"$598,000","1 Daniel Burnham Court #617, San Francisco,  CA 94109",,1,586,1988
"$4,995,000","301 Mission Street #PH1D, San Francisco,  CA 94105",2,2F11/2,"2,230",2009
"$569,000","776 Tehama Street #16, San Francisco,  CA 94103",1,1,,2006
"$1,149,000","300 Channel Street #56, San Francisco,  CA 94158",2,1F11/2,"1,570",
"$585,000","788 Minna Street #501, San Francisco,  CA 94103",1,1,702,2011
"$25,000,000","540 El Camino Del Mar Street, San Francisco,  CA 94121",6,4F31/2,"10,961",1926
"$820,000","1 Daniel Burnham Court #324, San Francisco,  CA 94109",2,2,"1,131",1988
"$1,999,000","1049 Clay Street, San Francisco,  CA 94109",3,2,"1,859",1928
"$438,053","301 Bryant Street #D23, San Francisco,  CA 94107",1,1,974,1998
"$1,745,000","488 Folsom Street #4306, San Francisco,  CA 94105",2,2,"1,142",2019
"$1,795,000","2177 3rd Street #221, San Francisco,  CA 94107",3,2,"1,420",2020
"$2,995,000","188 Minna Street #25A, San Francisco,  CA 94105",3,3,"2,027",2005
"$725,000","1344 Balboa Street #3, San Francisco,  CA 94118",1,1,780,
"$2,385,000","706 Mission Street #12C, San Francisco,  CA 94103",2,2,"1,297",2020
"$1,225,000","318 Main Street #8C, San Francisco,  CA 94105",1,1F11/2,883,2015
"$7,700,000","1001 California Street #3, San Francisco,  CA 94108",2,2F11/2,"3,474",1914
"$361,677","74 New Montgomery Street #317, San Francisco,  CA 94105",2,2,"1,089",1914
"$1,795,000","2992 California Street, San Francisco,  CA 94115",4,2,"3,815",1907
"$1,799,000","1650 48th Avenue, San Francisco,  CA 94122",3,2,"2,004",1948
"$465,000","335 Berry Street #108, San Francisco,  CA 94158",2,2,992,2009
"$12,740,000","2800 Pacific Avenue, San Francisco,  CA 94115",5,4F21/2,"8,179",1908
"$3,850,000","301 Mission Street #50A, San Francisco,  CA 94105",2,3,"2,706",2009
"$2,195,000","70 Manzanita Avenue, San Francisco,  CA 94118",4,3,"2,247",1949
"$1,295,000","72 Manzanita Avenue, San Francisco,  CA 94118",2,1,"1,279",1949
"$449,400","270 Valencia Street #201, San Francisco,  CA 94103",2,1,816,2005
"$589,000","588 Minna Street #506, San Francisco,  CA 94103",1,1,644,2020
"$1,450,000","1788 Clay Street #807, San Francisco,  CA 94109",2,2,,2014
"$3,750,000","955 Green Street #1, San Francisco,  CA 94133",3,4F11/2,"3,015",2002
"$799,000","401 Harrison Street #10D, San Francisco,  CA 94105",1,1,607,2014
"$650,000","10 Miller Place #702, San Francisco,  CA 94108",1,1,600,1963
"$950,000","260 King Street #365, San Francisco,  CA 94107",2,2,"1,187",2004
"$1,495,000","765 Market Street #25C, San Francisco,  CA 94103",1,1F11/2,980,2001
"$1,075,000","207 King Street #501, San Francisco,  CA 94107",2,1F11/2,"1,215",2003
"$599,000","2177 3rd Street #713, San Francisco,  CA 94107",,1,502,2020
"$849,000","16 Jessie Street #103, San Francisco,  CA 94105",1,2,799,1906
"$4,225,000","3239 Webster Street, San Francisco,  CA 94123",3,3F11/2,"2,720",1935
"$840,000","52 Innes Court #301, San Francisco,  CA 94124",2,2,"1,080",2017
"$888,000","750 Van Ness Avenue #1301, San Francisco,  CA 94102",1,1,847,2008
"$899,000","335 Athens Street, San Francisco,  CA 94112",2,1,"1,053",1911
"$32,000,000","2898 Broadway Street, San Francisco,  CA 94115",10,6F11/2,"11,155",1899
"$2,395,000","765 Market Street #34E, San Francisco,  CA 94103",2,2F11/2,"1,453",2001
"$615,000","51 Innes Court #307, San Francisco,  CA 94124",1,1,720,2017
"$649,000","588 Minna Street #302, San Francisco,  CA 94103",1,1,786,2020
"$1,600,000","276 Seneca Avenue, San Francisco,  CA 94112",4,3,"2,646",1907
"$3,395,000","765 Market Street #22D, San Francisco,  CA 94103",3,3,"2,567",2001
"$1,188,000","256 Madison Street, San Francisco,  CA 94134",3,3,"1,453",1916
"$430,585","888 7th Street #143, San Francisco,  CA 94107",1,1,535,2007
"$3,395,000","2238 Market Street #501, San Francisco,  CA 94114",3,2F11/2,"1,840",
"$3,465,000","1980 Vallejo Street #8, San Francisco,  CA 94123",3,3,"2,402",1926
"$3,895,000","1050 Green Street #2, San Francisco,  CA 94133",3,2F11/2,"2,430",1913
"$4,400,000","765 Market Street #24F, San Francisco,  CA 94103",2,2F11/2,"2,730",2001
"$3,495,000","488 Folsom Street #4401, San Francisco,  CA 94105",3,3,"1,934",2019
"$980,000","301 Mission Street #18E, San Francisco,  CA 94105",2,2,"1,098",2009
"$4,995,000","1515 Union Street #6B, San Francisco,  CA 94123",3,2F11/2,"1,940",2020
"$3,695,000","1515 Union Street #PH3, San Francisco,  CA 94123",2,2,"1,772",2020
"$497,000","2415 Van Ness Avenue #205, San Francisco,  CA 94109",1,1,558,1926
"$14,000,000","301 Mission Street #GPHA, San Francisco,  CA 94105",2,2F11/2,"5,009",
"$524,078","501 Crescent Way #5303, San Francisco,  CA 94134",2,2,"1,166",2007
"$950,000","181 Fremont Street #54H, San Francisco,  CA 94105",,1,623,2018
"$899,900","601 4th Street #124C, San Francisco,  CA 94107",1,2,,1916
"$195,000","83 Mcallister Street #404, San Francisco,  CA 94102",,1,263,2007
"$1,535,000","875 California Street #404, San Francisco,  CA 94108",2,2,"1,201",2020
"$2,275,000","488 Folsom Street #4204, San Francisco,  CA 94105",2,2F11/2,"1,549",2019
"$6,950,000","765 Market Street #27A, San Francisco,  CA 94103",3,4F11/2,"3,318",2001
"$1,095,000","1515 Union Street #5F, San Francisco,  CA 94123",1,1,783,2020
"$299,000","1075 Market Street #503, San Francisco,  CA 94103",,1,445,2018
"$908,900","420 Harkness Avenue, San Francisco,  CA 94134",3,2,"1,412",1937
"$589,862","1 Crescent Way #1201, San Francisco,  CA 94134",2,2,984,2001
"$32,000,000","2799 Broadway, San Francisco,  CA 94115",7,7F21/2,"11,635",
"$375,000","1578 Indiana Street #11, San Francisco,  CA 94107",1,1F11/2,962,2003
"$219,000","4800 3rd Street #201, San Francisco,  CA 94124",1,1,712,2009
"$995,000","182 Dublin Street, San Francisco,  CA 94112",4,2,"1,164",1942
"$395,000","199 New Montgomery Street #408, San Francisco,  CA 94105",1,1,872,2004
"$5,995,000","30 Miller Place #13, San Francisco,  CA 94108",2,2F11/2,"2,920",
"$3,750,000","765 Market Street #PH2CD, San Francisco,  CA 94103",3,3F11/2,"3,548",2001
"$2,850,000","488 Folsom Street #4903, San Francisco,  CA 94105",2,2F11/2,"1,832",2019
"$355,000","4800 3rd Street #402, San Francisco,  CA 94124",1,1,561,2009
"$735,000","875 California Street #205, San Francisco,  CA 94108",1,1,641,
